"","descs","meanYES","meanNO","diff_m","rsdYES","rsdNO","diff_rsd","welchs_p"
"1","nE",0.00421496311907271,0,0.00421496311907271,0.00210414429448212,0,0.00210414429448212,0.0454430933896011
"2","nG",0.175974710221286,0.0658849804578448,0.110089729763441,0.0269539741702375,0.00758054881553654,0.0279996686393708,8.95736032938982e-05
"3","LipinskiFailures",0.302423603793467,0.144611948632049,0.157811655161418,0.0230552332682259,0.0105606671074152,0.0253588538937775,6.481976781562e-10
"4","nBase",0.185458377239199,0.12786152987158,0.0575968473676191,0.0162429861802536,0.00950636997059411,0.0188203525490285,0.0022473499285926
"5","tpsaEfficiency",0.245781067854984,0.229435222509405,0.0163458453455789,0.00632870270901243,0.0039247436770025,0.00744688464454985,0.0283002089119145
"6","PetitjeanNumber",0.446830463109609,0.437977925636307,0.0088525374733015,0.00269631644435121,0.00212346811461347,0.00343208962614015,0.00996733990927158
"7","MDEC.11",0.345273838230918,0.26414174585836,0.0811320923725583,0.0305770089015454,0.0165105572749122,0.0347498485592865,0.0196868609236824
"8","MDEC.12",1.84391511770391,1.53928470357589,0.304630414128026,0.0792635593750524,0.0435354916853863,0.0904325764373149,0.000774271714471961
"9","MDEC.13",1.79539748733585,1.49329700087046,0.302100486465391,0.112349435215066,0.0552857397415798,0.125215448774973,0.0159633856897291
"10","MDEO.11",0.486653399209279,0.290143334519182,0.196510064690098,0.0309995663559804,0.0140131392631656,0.0340197176100523,9.47049100043552e-09
"11","MDEO.12",0.414567977196824,0.213540283309841,0.201027693886983,0.0308176326836695,0.0115923226337005,0.032925801862208,1.37445361285355e-09
"12","MDEN.12",0.0648808687663735,0.0440612085546203,0.0208196602117532,0.00844956821301463,0.00550241939083773,0.0100832446235849,0.0390905935972524
"13","MDEN.13",0.018492381432397,0.0107847999412073,0.00770758149118969,0.00306296567189179,0.00159751532849925,0.00345453527004394,0.0258209956658405
"14","MDEN.23",0.196476242383064,0.106909452935365,0.0895667894476994,0.0164975802795397,0.00774753618338681,0.018226202895632,9.9845124068753e-07
"15","MDEN.33",0.0554352140725281,0.0307280797744713,0.0247071342980568,0.00698326382068673,0.00338205032749877,0.00775913899908017,0.00148310148904325
"16","khs.dCH2",0.0642781875658588,0.0307091010608599,0.033569086504999,0.00888860225741771,0.00458214376538483,0.010000164577507,0.000808555502423268
"17","khs.sssN",0.277133825079031,0.190396426577331,0.0867373985016995,0.0223678319450917,0.0114741470869644,0.0251391319917207,0.000575942720109079
"18","khs.aasN",0.13277133825079,0.085427135678392,0.0473442025723983,0.0133887678276553,0.00781764186397903,0.015504019745095,0.00229773559601063
"19","khs.aaO",0.0432033719704953,0.022892238972641,0.0203111329978543,0.00709038135080737,0.0037904811769515,0.00803997856046274,0.0116302011797811
"20","khs.ssS",0.083245521601686,0.0418760469011725,0.0413694747005134,0.0106699590182658,0.00535287681424676,0.0119373914922805,0.00054475138072318
"21","HybRatio",-20366019.3977632,-4796166.34339275,15569853.0543705,6759968.40458866,2396072.94967193,7172052.59400588,0.0301352175458655
"22","SC.4",0.096771325028381,0.0663230301529738,0.0304482948754072,0.00822892590440636,0.00320888688928956,0.00883245020413161,0.000585091170684415
"23","C1SP2",1.12118018967334,0.775544388609715,0.345635801063625,0.0474909249014245,0.022876614523712,0.0527136361870366,7.71021349730581e-11
"24","C1SP3",2.26659641728135,1.73422668900056,0.53236972828079,0.0772990617800698,0.0444194159271619,0.089152843271481,2.89702316120319e-09
"25","C4SP3",0.0937829293993678,0.138470128419877,0.0446871990205094,0.0125036761825805,0.0103535625239352,0.0162338589071073,0.00595982188582449
"26","ATSm1",30.7615483158341,25.3408646219409,5.4206836938932,1.07848481841811,0.584140071167315,1.22651910963576,1.05925031750116e-05
"27","MinAbsEStateIndex_rdkit",0.435229529862479,0.379364020793011,0.0558655090694673,0.0241168509678236,0.0100166101937755,0.0261142677549699,0.0326019548749146
"28","MinEStateIndex_rdkit",-0.865673508426791,-0.503563076370348,0.362110432056443,0.0545722542335964,0.0315767461989962,0.0630493602874138,1.10992429285345e-08
"29","qed_rdkit",0.536234607104987,0.598900439406296,0.062665832301309,0.00582359913194456,0.00367146797125341,0.00688432886442281,2.38816202099605e-19
"30","FpDensityMorgan3_rdkit",2.12168979447044,2.17561057342736,0.0539207789569169,0.0180972916720614,0.0121987233698481,0.0218247753188375,0.0135794753468551
"31","BalabanJ_rdkit",2.49284271340823,2.58360344839311,0.0907607349848845,0.0224213503164201,0.0136601251736401,0.0262548275517313,0.000560163099672469
"32","Chi4v_rdkit",2.38427450561464,2.04775694599849,0.336517559616151,0.0736932649697079,0.0501413447589504,0.089133897907202,0.00016485936085816
"33","HallKierAlpha_rdkit",-1.37217453779099,-1.25905632056379,0.113118217227197,0.0442752438927608,0.0235151157421594,0.0501324035941885,0.0241901763836688
"34","SlogP_VSA11_rdkit",2.26886616115414,1.72757278518388,0.541293375970258,0.154322483341713,0.0942207269948926,0.180811985941749,0.00279697269736446
"35","EState_VSA2_rdkit",10.5515147750891,7.66664223437528,2.88487254071385,0.391990247361781,0.21731542797246,0.448199006314833,1.62695555155564e-10
"36","EState_VSA5_rdkit",12.2355706784065,8.95221873220591,3.28335194620063,0.492614003264821,0.2815996967457,0.567421312095222,8.65311360661091e-09
"37","EState_VSA7_rdkit",9.66600954917611,11.9113754082341,2.24536585905804,0.503199119467627,0.377232760083244,0.62889896574332,0.000365049643108452
"38","VSA_EState1_rdkit",10.3401852962313,6.00627589953634,4.33390939669498,0.471304311361699,0.261580816042698,0.53902901334686,1.76759217584733e-15
"39","VSA_EState3_rdkit",7.84215009016414,6.39123272079872,1.45091736936543,0.393697071669061,0.198745074431107,0.441018127576883,0.00102630539102436
"40","VSA_EState5_rdkit",-0.246899799632775,-0.00987909623485581,0.237020703397919,0.0538096033142247,0.0264359858897555,0.0599527710685468,8.08299352112524e-05
"41","VSA_EState8_rdkit",2.71994278447177,2.30466822978179,0.415274554689976,0.117154748336761,0.0685673895890913,0.135745062425534,0.00225575674477122
"42","FractionCSP3_rdkit",0.44085723080261,0.371308474975937,0.0695487558266725,0.0110601310903712,0.0077257027577282,0.0134912187306027,2.80365431075452e-07
"43","NumAtomStereoCenters_rdkit",0.847207586933614,0.646566164154104,0.20064142277951,0.0770202677397827,0.0413340556186843,0.0874106732418662,0.0218477423268231
"44","NumSaturatedHeterocycles_rdkit",0.220231822971549,0.164154103852596,0.0560777191189527,0.0181685449309029,0.0105930072151747,0.0210311156805097,0.00774349989898176
"45","NumSpiroAtoms_rdkit",0.00737618545837724,0.0156337241764377,0.00825753871806051,0.00277909946302407,0.00303664816584884,0.00411638505348246,0.0449578305530753
"46","fr_COO2_rdkit",0.145416227608008,0.107202680067002,0.0382135475410068,0.015492510262501,0.00804355350909289,0.0174561343741201,0.0287448859623098
"47","fr_NH2_rdkit",0.191780821917808,0.151312116136237,0.0404687057815715,0.0158879316459734,0.009510875784814,0.0185171037201093,0.0289951143166182
"48","fr_Ndealkylation1_rdkit",0.0800842992623814,0.0424343941931882,0.0376499050691933,0.0136617285777992,0.00476449369962521,0.0144686982119064,0.00937949901668957
"49","fr_aldehyde_rdkit",0.00948366701791359,0.0195421552205472,0.0100584882026336,0.00348311306472674,0.00336569565587813,0.0048435507501901,0.0379364942128019
"50","fr_alkyl_halide_rdkit",0.31190727081138,0.203238414293691,0.10866885651769,0.0350254251686765,0.0191853885735149,0.0399356925940106,0.00658036065532547
"51","fr_dihydropyridine_rdkit",0.0105374077976818,0.0033500837520938,0.00718732404558797,0.00331636570225352,0.00136575448093918,0.00358658148844954,0.0452864247469279
"52","fr_ester_rdkit",0.233930453108535,0.146286990508096,0.0876434626004393,0.0184446870177555,0.00985995990262213,0.0209147146398002,2.94532603636213e-05
"53","fr_ether_rdkit",0.648050579557429,0.426577331099944,0.221473248457485,0.0347510055752728,0.0185914889721688,0.0394116207570167,2.27882675928815e-08
"54","fr_furan_rdkit",0.0189673340358272,0.00837520938023451,0.0105921246555927,0.0044303772871552,0.00215399657750564,0.00492625051762968,0.0317141260918727
"55","fr_hdrzone_rdkit",0.00948366701791359,0.0016750418760469,0.00780862514186669,0.00348311306472674,0.00096654545560115,0.00361473190422379,0.0309716487347284
"56","fr_imidazole_rdkit",0.0569020021074816,0.029034059184813,0.0278679429226686,0.0080932129260276,0.00412273108483163,0.00908278630508597,0.00219325986500399
"57","fr_imide_rdkit",0.0316122233930453,0.0675600223338917,0.0359477989408464,0.00641750777790502,0.00799314009592339,0.0102505948448141,0.000460720870228374
"58","fr_ketone_Topliss_rdkit",0.0495258166491043,0.0737018425460637,0.0241760258969593,0.00847855483675987,0.00661470058303187,0.0107536112968205,0.0246707022143045
"59","fr_lactam_rdkit",0.0147523709167545,0.00446677833612507,0.0102855925806294,0.003915610119065,0.00157615369245717,0.00422093154016629,0.0149550128671877
"60","fr_nitroso_rdkit",0,0.00558347292015634,0.00558347292015634,0,0.00176120479178511,0.00176120479178511,0.00154881021087927
"61","fr_para_hydroxylation_rdkit",0.126448893572181,0.170295924064768,0.043847030492587,0.0133702963870832,0.0110445301968021,0.0173420434997299,0.0115304418269096
"62","fr_piperzine_rdkit",0.0347734457323498,0.016750418760469,0.0180230269718808,0.0059502378426605,0.00303331982813988,0.00667879926064675,0.00704505598133357
"63","fr_sulfide_rdkit",0.053740779768177,0.0234505862646566,0.0302901935035204,0.00804720488700426,0.00374718109592767,0.00887687290993303,0.000663049019390742
"64","fr_sulfonamd_rdkit",0.083245521601686,0.0469011725293132,0.0363443490723728,0.00980119232239709,0.00547391014723168,0.0112261775881456,0.00123143731007385
"65","fr_sulfone_rdkit",0.0316122233930453,0.0139586823003908,0.0176535410926545,0.0056826119719759,0.00288325274809864,0.00637222294285614,0.00567046937408644
"66","fr_urea_rdkit",0.035827186512118,0.0547180346175321,0.0188908481054141,0.00621783544444686,0.00543322418806199,0.00825720307924914,0.0222413070902895
"67","PEOE_VSA_2_rdkit",4.7472645999247,4.16697949595344,0.580285103971259,0.225564083915511,0.129925693719471,0.260307206663836,0.0259378387653179
"68","PEOE_VSA_3_rdkit",4.40642047225458,2.82823334813189,1.57818712412269,0.205058311377579,0.109387961118537,0.232410492669102,1.60515544163615e-11
"69","PEOE_VSA_4_rdkit",1.52167791439452,0.989519988808658,0.532157925585864,0.13026280591704,0.0761760736970374,0.15090126841507,0.000432863309355695
"70","PEOE_VSA_5_rdkit",2.10166971236824,1.15978670389787,0.94188300847037,0.221765950651545,0.11116264690731,0.248067069430473,0.00015262848716718
"71","PEOE_VSA_6_rdkit",22.1469241187487,24.0897000663037,1.94277594755502,0.756924648239109,0.482572017393113,0.897669580125537,0.0305825096611678
"72","PEOE_VSA_8_rdkit",10.6985536946223,9.56897827558718,1.12957541903513,0.410072364661568,0.241930667902573,0.476119514755397,0.0177862689019209
"73","PEOE_VSA_9_rdkit",9.83613459413131,7.20116631824178,2.63496827588952,0.34793504023794,0.195709563400119,0.399200482754771,5.59535254952601e-11
"74","PEOE_VSA_10_rdkit",6.7439837446455,4.37838198263101,2.36560176201449,0.316735375440413,0.152206965179829,0.35140896161685,2.44023876406317e-11
"75","PEOE_VSA_11_rdkit",2.82078391192492,2.17689744498958,0.64388646693534,0.173137502274382,0.106546328898577,0.203294650435212,0.00156658354665228
"76","PEOE_VSA_12_rdkit",2.3969574887154,1.71763111125271,0.67932637746269,0.185709032865081,0.0897980684781984,0.20628024139529,0.00101514458409277
"77","PEOE_VSA_13_rdkit",1.66375508945486,1.18219229319552,0.481562796259346,0.113159721192005,0.0684761029764013,0.132265260666159,0.000280074368649635
"78","PEOE_VSA_14_rdkit",3.76954110095512,2.68135028466383,1.08819081629129,0.193354772131362,0.0968880467533132,0.216271499531592,5.47830267364073e-07
"79","SMR_VSA_6_rdkit",9.98382180882439,7.03089118843139,2.95293062039299,0.410706527058916,0.234431066799784,0.472903559353999,5.46267113475124e-10
"80","SMR_VSA_10_rdkit",19.5205369805474,16.5294773076285,2.99105967291883,0.63225719707558,0.366376889084169,0.730740164565259,4.46742040768218e-05
"81","SlogP_VSA_1_rdkit",4.58210924874301,3.7209654362301,0.861143812512911,0.20638988243349,0.11164924846266,0.234653655955296,0.000251103803868866
"82","SlogP_VSA_3_rdkit",8.63615665974697,6.10417707378436,2.53197958596261,0.313628398016518,0.167343567873366,0.355480859894025,1.63677686752058e-12
"83","SlogP_VSA_5_rdkit",20.5372062533983,18.0480746805008,2.48913157289756,0.771910527413424,0.459273363778361,0.898208152383378,0.00564813664681429
"84","SlogP_VSA_10_rdkit",3.20983299167255,2.70649351985257,0.503339471819977,0.195397724942403,0.116714293145849,0.227601619364191,0.0271395782905231
"85","MQNs_6_rdkit",0.286617492096944,0.152987158012284,0.133630334084661,0.0210869834556463,0.0103899844012279,0.0235077146298074,1.58972809194263e-08
"86","MQNs_7_rdkit",0.0400421496311907,0.0189838079285315,0.0210583417026592,0.00687142469847616,0.00332084306024533,0.0076318068645379,0.00586813025913188
"87","MQNs_8_rdkit",0.629083245521602,0.48464544946957,0.144437796052032,0.0314780721710493,0.0181434290446754,0.036332534251067,7.33995794680363e-05
"88","MQNs_9_rdkit",0.807165437302424,0.610273590173088,0.196891847129336,0.0478017486607534,0.0264566168782994,0.0546347851800568,0.000323593574657753
"89","MQNs_11_rdkit",0.17913593256059,0.128419877163596,0.0507160553969943,0.0181861359720094,0.0111485895125089,0.0213313522710315,0.0175407974297664
"90","MQNs_26_rdkit",4.49104320337197,3.61920714684534,0.871836056526632,0.103885244023901,0.0495789182986199,0.115109569826173,6.56829646982506e-14
"91","MQNs_28_rdkit",1.11485774499473,0.845896147403685,0.268961597591046,0.0471552321137826,0.0249111684359443,0.0533308750026539,5.13794550585536e-07
"92","MQNs_29_rdkit",0.265542676501581,0.162479061976549,0.103063614525031,0.0178011710085935,0.00957175141433052,0.0202113857618652,3.84097257060222e-07
"93","MQNs_34_rdkit",0.0252897787144362,0.00949190396426577,0.0157978747501705,0.00551801508047581,0.00229181293944006,0.00597502275960045,0.00829352197255824
"94","MQNs_35_rdkit",0.340358271865121,0.266331658291457,0.0740266135736639,0.0211665404194231,0.012759810341445,0.0247150802806044,0.00278357272912168
"95","dbonds_Obabel",1.54056902002107,1.178671133445,0.361897886576072,0.0538382019348598,0.0286682774498903,0.0609952630908551,3.68356738383968e-09
"96","HBD_Obabel",1.0927291886196,0.915131211613624,0.177597977005976,0.050823646403544,0.0245557297870465,0.0564449014449216,0.00168773951850699
"97","MP_Obabel",113.431444573235,99.5259902289224,13.9054543443126,3.67151135671463,1.7769864024528,4.07893078109775,0.000670267244120814
"98","nF_Obabel",0.206533192834563,0.120044667783361,0.0864885250512015,0.0259005136230344,0.0132541936598219,0.0290948492951768,0.00300097864760752
"99","rotors_Obabel",4.15700737618546,2.95589056393076,1.20111681225469,0.12731957637939,0.0726773786300486,0.146602441637112,5.20778468136883e-16
"100","sbonds_Obabel",9.98946259220232,7.98157453936348,2.00788805283883,0.289265378613069,0.153276724573355,0.327365565629769,1.09896170361361e-09
"101","TPSA_Obabel",64.6534141201264,48.2271245114461,16.4262896086803,1.86033594124933,0.862172407690741,2.050412415805,2.41428997248768e-15
