bbb_data_mlr,bbb_data_rfr
5.89,4.17
4.85,4.29
6.34,4.25
5.16,4.24
6.15,4.17
5.57,4.16
5.06,4.35
6.13,4.25
6.3,4.24
6.51,4.24
5.3,4.26
5.93,4.25
5.23,4.14
5.04,4.71
5.87,4.24
4.59,4.26
5.95,5.03
6.32,4.02
5.41,4.26
6.42,3.43
6.17,4.34
5.25,5.08
6.13,4.14
9.14,3.89
6.48,3.97
6.04,4.14
5.09,4.95
6.96,4.37
5.16,4.61
5.84,4.18
6.33,4.2
6.36,4.26
5.89,4.79
6.54,4.25
9.81,5.38
5.45,3.29
6.07,4.31
6.15,4.31
4.67,3.63
5.99,4.31
5.03,4.71
5.96,4.3
5.92,4.31
5.14,4.9
5.29,4.25
5.14,4.48
4.76,4.71
6.41,4.15
6.25,4.28
5.58,4.2
8.59,5.43
6.4,4.26
4.84,4.74
4.21,4.31
4.52,4.46
6.06,3.99
4.74,4.58
5.71,4.39
5.89,4.26
5.35,4.49
5.29,4.27
5.67,4.43
5.11,4.64
5.04,4.22
5.48,4.28
5.64,5.36
5.16,4.73
3,4.18
5.33,4.3
6.16,4.11
6.55,4.26
9.72,3.36
5.69,4.64
5.66,4.42
5.02,4.91
5.84,4.73
6.15,4.27
4.85,4.37
4.78,4.89
4.26,4.36
4.7,4.73
5,4.74
6.59,4.38
3.7,3.4
5.16,4.19
5.86,4.46
4.09,3.77
5.9,4.64
5.92,4.18
5.61,4.31
7.38,5.48
3.84,5.01
-5.14,4.11
5.22,3.65
5.26,4.31
4.92,4.31
-6,3.78
4.95,4.45
5.11,4.54
5.41,4.74
5.92,4.64
5.37,4.05
5.4,4.74
4.04,4.82
-7.78,2.65
3.45,3.8
-8.23,2.69
-6.38,3.58
3.17,3.08
5.64,4.53
7.77,4.34
5.21,4.65
3.72,3.61
4.15,5.08
6.77,5.51
3.94,3.88
6.69,3.89
4.21,4.43
3.16,3.34
3.87,3.75
4.94,4.53
8.64,4.62
3.78,4.56
4.54,3.83
1.56,2.75
4.28,4.09
4.02,4.3
5.27,4.69
5.03,3.71
2.26,3.76
4.18,4.36
8.34,4.14
3.06,3.13
3.04,2.54
4.81,4.02
6.56,4.84
2.03,3.47
3.83,4.28
-5.23,4.14
4.18,3.84
2.84,3.5
-4.79,4.32
-1.2,2.91
6.58,3.85
3.31,3.43
3.04,3.64
4.8,4.79
-0.13,2.67
5.12,4.5
4.98,4.57
3.31,4.31
2.6,3.8
4.74,4.79
2.06,3.4
6.17,5.39
5.63,3.58
0.69,3.82
3.85,3.97
2.99,3.22
4.14,4.79
5.78,4.87
3.79,5.01
4.3,4.53
2.51,3.37
-0.25,3.9
12.4,4.81
2.99,3.89
3.51,3
5.7,4.74
4.72,4.86
2.42,2.8
5.95,4.66
4.65,4.73
4.13,3.19
3.09,3.42
1.59,3.9
3.76,4.79
3.72,3.24
3.28,3.4
4.31,4.52
3.08,2.44
5.82,4.7
4.23,4
3.87,2.76
3.42,4
-1.67,1.67
3.36,3.1
-1.68,2.63
4.01,3.47
-0.98,2.42
3.16,3.22
6.11,4.39
5.46,3.89
4.19,3.33
5.15,4.67
3.92,4.28
3.69,3.32
4.86,3.93
4.28,3.9
5.06,4.79
2.57,2.82
3.24,4.2
-0.54,1.9
2.48,3.33
4.85,3.65
4.17,4.77
5.57,4.96
2.96,2.93
3.89,4.29
2.96,3.49
5.33,4.44
4.51,4.2
2.56,2.52
5.33,4.14
3.32,3.36
2.55,4.06
1.07,2.73
2.8,3.13
1.49,2.43
5.02,3.29
3.61,4.24
2,3.09
-3.07,1.55
5.31,4.61
3.71,4.26
3.32,2.98
3.31,3.45
2.39,3.33
4.04,3.52
5.3,3.85
6.93,3.47
2.84,4.19
2.86,4.1
5.17,3.18
5.26,3.68
3.9,4.16
-2.04,1.81
-2.21,0.63
5,4.7
3.16,3.22
3.39,3.67
2.01,2.31
6.9,3.46
3.59,3.78
-3.71,1.8
4.59,3.98
3.2,4.06
4.89,4.07
3.45,3.76
3.39,4.05
4.52,4.45
2.11,3.91
1.19,2.41
2.04,3.58
1.02,1.31
-3.51,1.49
4.61,3.45
3.93,3.67
1.66,3.45
4.89,3.51
4.9,4.4
1.68,1.25
2.05,3.28
-0.14,2.68
2.92,3.93
3.44,4.34
3.66,3.49
2.46,2.84
3.27,4.37
3.77,3.61
2.6,3.19
3.83,3.87
4.4,3.58
2.64,2.7
4.97,4.55
4.97,4.02
4.51,4.14
4.29,3.78
4.38,3.4
1.8,1.67
0.27,1.82
3.8,3.3
-4.2,1.65
3.07,3.52
1.42,2.11
3.48,2.88
1.92,3.82
4.72,3.87
3.27,3.17
2.59,3.63
4.72,4.12
3.05,3.46
3.02,3.62
4.54,4.11
5.68,4.38
2.37,2.11
-9.56,3.66
-0.65,1.49
1.76,1.92
3.47,3.41
3.51,4.36
3.3,4.02
4.23,3.39
2.34,3.62
-4.43,1.7
-0.06,0.91
3.02,3.11
2.87,3.26
1.33,1.94
-0.5,1.9
2.78,2.69
3.18,3.01
4.77,3.98
3.38,4.03
1.95,2.09
3.58,3.54
3.02,3.6
2.63,3.56
2.27,3.86
2,2.28
3.44,3.18
-3.94,1.02
4.14,3.87
2.17,2.89
2.31,2.31
0.68,2.32
0.88,2.14
1.14,1.59
3.12,3.44
5.43,4.37
1.03,1.49
3.49,3.2
1.21,2.18
4.24,3.65
2.1,2.2
0.97,1.4
5.7,4.55
3.25,3.1
2.16,3.21
3.75,3.5
3.21,3.92
3.82,3
3.57,3.66
5.8,4.63
4.23,4.16
2.43,1.8
3.9,3.21
1.32,1.52
3.01,2.59
3.88,4.03
0.37,2.54
4.11,3.73
2.62,3.19
3.37,3.72
3.29,4.02
2.33,3.27
2.47,3.14
3.17,3.83
4.22,4.7
3.77,3.24
0.88,1.65
4.38,3.98
-3.33,0.92
3.02,3.22
1.82,1.76
4.68,3.85
3.53,2.64
3.46,3.63
3.99,3.47
-3.58,1.25
2.35,3.71
3.77,3.8
2.4,1.94
-3.66,1.03
3.53,3.39
4.16,3.32
2.8,4.05
0.2,3.2
3.19,3.94
4.55,3.12
3.08,3.64
1.77,1.8
3.62,3.11
2.56,2.62
1.26,1.4
3.81,3.14
3.62,3.25
1.32,1.61
2.44,1.81
1.56,1.95
2.46,3.18
0.25,1.52
3.07,2.77
0.99,1.63
3.51,2.51
0.51,1.7
2.89,3.37
2.92,2.6
1.89,1.7
2.12,1.61
2.14,1.63
2.56,2.25
3.2,3.62
2.2,1.97
2.42,3.17
3,3.43
1.36,2.86
0.88,2.38
3.7,3.57
2.62,1.88
2.3,3.42
-12.75,3.68
5.07,4.05
4.02,2.51
1.17,1.55
4.06,3.28
2.8,2.28
3.64,2.21
-0.07,0.67
2.95,2.27
2.42,3.36
-1.95,3.26
2.93,2.95
3.73,2.93
2.66,2.71
2.33,2.99
3.12,2.95
1.23,1.76
0.79,1.62
2.51,2.93
2.97,3.21
2.98,2.85
2.6,2.99
2.92,2.38
2.86,3.02
1.73,2.82
3.78,3.19
2.07,3.13
2.22,2.35
2.46,2.51
3.55,2.45
2.43,1.61
2.61,2.42
-1.51,-0.34
-1.36,0.03
-0.25,-0.05
2.54,2.39
1.52,1.73
1.74,1.56
3.24,2.55
2.56,2.42
2.54,2.1
4.16,3.05
2.88,2.44
2.73,2.39
0.95,1.33
3.35,2.76
0.33,0.69
2.17,1.89
3.17,2.71
1.95,1.66
0.86,0.64
3.01,2.32
2.01,2.83
2.19,1.54
1.04,1.2
2.05,1.88
4.52,3.25
3.9,3.64
2.66,2.23
4.8,3.38
2.72,3.55
2.41,2.65
3.6,3.18
2.47,2.01
1.81,1.5
2.29,2.14
1.23,1.75
3.01,2.84
0.33,1.22
1,0.89
1.99,2.49
1.39,1.16
3.17,2.74
-0.9,0.79
1.36,2.32
3.15,2.61
3.41,2.63
3.45,2.65
1.16,1.28
-0.48,1.24
4.41,2.66
2.36,2.09
2.17,2.1
3.67,2.84
1.88,1.94
2.72,1.91
2.33,1.67
3.33,2.56
2.73,2.45
2.68,2.13
2.24,2.36
-1.86,1.91
3.41,2.75
3.33,2.68
3.78,2.54
0.75,0.19
1.96,2.48
2.48,2.42
3.05,3.08
1.8,2.11
3.1,2.53
2.49,1.64
2.44,2.5
1.64,1.87
2.33,2
1.48,1.8
-0.06,0.49
2.79,2.32
2.48,2.32
1.98,2.45
2.47,2.13
1.87,2.33
1.62,1.82
-1.8,0.61
0.78,1.37
2.13,1.8
2.4,1.59
2.07,2.63
1.91,2.51
1.52,1.71
1.19,1.08
0.92,2.62
2.46,2.57
2.78,2.56
2.16,1.87
1.32,2.6
2.09,2.29
1.5,0.66
0.78,1.53
1.94,2.47
1.82,2.23
3.21,2.57
0.96,0.54
1.65,2.2
2.32,2.02
2.18,1.82
3.38,3.09
2.3,2.59
0.81,0.7
2.95,2.51
1.27,1.2
2.42,2.83
0.43,0.86
0.96,0.9
2.72,1.93
2.58,1.99
2.19,2.31
1.83,1.75
2.05,2.37
3.37,2.27
1.66,2.04
1.25,1.61
2.19,2.37
2.73,2.41
2.74,2.05
1.71,1.73
1.03,1.63
5.46,2.65
2.3,2.03
2.15,2.69
0.78,1.67
2.75,2.06
0.86,1.28
1.86,1.41
1.87,2.1
1.48,1.81
1.72,2.11
4.29,2.36
1.43,1.7
0.42,0.88
1.97,1.7
1.29,1.52
1.45,1.88
1.07,1.5
2.45,1.99
0.51,0.39
1.94,1.53
1.07,1.5
1.11,1.91
1.56,1.7
1.21,1.66
1.33,1.74
1.78,1.49
0.15,0.46
1.01,0.94
2.38,2.16
1.46,1.57
1.32,1.3
2.13,2.02
2.01,1.68
1.08,0.48
0.38,0.76
1.15,1.7
2.12,1.99
1.59,1.92
1.81,1.85
2.02,1.85
1.2,1.63
2.68,2.04
0.76,0.3
1.58,1.07
-0.58,0.54
0.32,-0.11
0.44,0.53
0.32,0.41
1.26,1.15
1.93,1.98
1.43,1.75
1.84,1.63
1.39,1.56
0.66,-0.14
1.73,1.71
0.55,0.31
-2.16,-0.4
1.33,0.81
0.39,0.1
0.34,0.35
1.06,1.19
2.09,1.96
1.39,1.6
1.2,1.44
0.62,0.92
0.36,-0.09
1.03,0.75
0.65,0.79
1.11,1.7
1.97,1.01
1.26,1.21
0.26,1.44
0.68,1.19
-0.25,0.71
0.68,-0.05
1.56,1.34
1.4,1.21
0.55,1.66
1.17,0.72
0.45,0.58
0.73,0.27
1.72,1.67
-1.4,-0.01
-0.38,0.38
2.07,2.16
-0.39,-0.4
0.79,0.43
0.62,0.26
1.08,0.57
3.11,2.05
1.26,0.79
-4.89,-0.77
0.76,0.35
0.36,-0.08
2.42,1.64
2.04,0.68
1.49,1.72
0.62,0.04
1.42,0.61
1.26,1.12
-0.4,-0.04
0.02,-0.35
0.88,1.06
-1.78,-0.03
1.41,1.19
1.45,0.93
0.7,1.08
-1.7,1.3
1.36,0.43
0.09,1.37
0.99,0.86
0.32,0.04
-0.23,0.08
0.39,0.92
-0.35,1.04
-0.04,0.46
0.31,0.15
0.54,0.11
0.23,-0.09
-0.08,0.7
-0.96,-0.1
0.71,0.31
0.56,0.07
0.27,0.12
0.04,-0.29
-6.34,-0.93
0.43,0.31
-0.09,-0.08
-1.85,-0.42
-0.83,-0.22
0.08,0.05
1.53,1.63
-0.52,1.51
-0.82,0.47
-0.36,0.1
1.19,0.91
-0.66,0.29
-0.55,-0.37
-0.15,-0.3
-0.17,0.38
-1.52,-0.25
0.42,0.36
-0.59,-0.27
0.1,-0.04
-0.06,-0.15
0.65,-0.13
-4.21,-0.37
-0.8,1.27
-1.3,-0.11
-0.06,-0.01
-2.08,-0.25
-0.31,0.22
-0.02,0.08
1.07,0.46
-0.61,-0.26
-0.74,-0.29
-1.02,0.14
-2.48,-1.11
-0.4,-0.11
-1.26,-0.51
-6.34,-0.93
-0.77,-0.31
-0.25,-0.12
-3.23,-0.65
-2.8,-0.61
-1.67,-0.23
-1.25,-0.88
-1.94,0.01
-9.39,0.22
11.99,2.67
4.74,2.43
-7.52,2.09
-7.25,2.37
-6,2.27
-7.5,1.66
0.45,2.38
-3.11,2.76
21.08,3.37
-3.13,1.71
3.01,2.59
3.7,2.71
2.23,2.15
3.67,2.61
3.72,3.18
3.24,2.72
3.23,2.47
1.46,1.28
3.51,3
3.1,2.99
1.49,1.72
5.08,3.18
4.01,3.47
-2.08,1.98
-0.78,-0.22
1.93,3.13
0.01,0.14
2.72,2.47
1.2,0.7
0.42,-0.2
0.01,0.05
2.54,1.57
0.11,0.29
0.83,0.47
1.81,1.42
-0.99,1.95
3.69,3.32
1.83,1.75
-0.92,0.25
0.1,-0.04
-1.77,-0.88
-1.51,-0.34
1.46,1.28
-0.89,0.26
-1.94,0.01
1.4,1.28
-3.94,1.02
1.1,0.21
2.1,2.24
3.93,3.67
0.72,1.2
-0.38,-0.36
1,0.89
0.85,0.28
-2.34,-0.46
-1.67,1.67
3.46,3.91
1.22,1.57
-0.17,0.38
0.54,0.11
2.59,3.63
-0.54,-0.16
-1.25,-0.88
1.37,3.48
1.85,2.74
1.09,0.65
1.93,1.42
0.65,0.74
0.32,-0.11
1.07,2.73
1.32,1.87
0.15,0.54
-0.55,-0.37
2.78,2.73
1.58,2.29
-0.21,0.53
-0.57,0.28
8.81,4.09
5.48,4.28
3.08,2.44
2.39,2.44
2.5,2.69
5.78,5.07
1.61,1.91
1.85,1.38
1.42,1.49
1.74,1.94
0.41,-0.08
0.16,0.03
2.41,2.65
5.79,5.12
2.73,2.39
2.07,3.13
2.68,2.13
0.72,0.5
2.28,2.08
2.22,2.35
-0.13,0.11
1.07,2.73
1.06,1.19
2.14,2.24
-0.9,0.79
-3.2,1.25
2.6,2.99
-1.67,-0.34
0.08,0.05
2.01,2.27
1.59,1.92
2.99,2.69
-1.42,0.43
3.77,3.8
1.54,0.88
5.74,4.84
3.08,2.44
1.21,1.66
5.51,4.09
1.32,1.3
2.88,2.42
1.47,1.78
-1.34,1.5
1.62,1.82
2.78,2.69
5.08,4.1
3.7,2.71
5.79,5.12
2.82,3.54
0.26,0.24
5.37,5
2.87,3.26
4.38,3.98
1,0.89
-1.89,-0.25
3.71,4.26
3.93,3.99
3.99,4.57
2.69,2.75
0.14,-0.13
-3.94,1.02
4.97,4.55
-0.99,1.95
1.52,1.71
4.04,4.82
0.54,0.99
0.06,0.85
4.01,3.47
1.87,2.33
-0.95,0.95
2.64,2.7
3.69,3.32
1.64,1.92
1.85,2.74
-1.67,1.67
2.42,2.8
-6.34,-0.93
-1.8,-0.37
-1,-0.23
-1.86,0.66
2.6,1.54
0.78,1.52
3.47,3.44
0.57,1.08
-0.6,1.23
3.4,3.32
3.44,3.79
1.77,3.42
3.94,3.05
4.19,4
1.4,3.49
5.45,3.53
1.57,2.23
4.53,4.68
5.1,4.84
0.6,0.82
1.8,1.81
5.17,3.7
3,3.03
1.62,2.31
3.06,2.05
4.91,3.13
3.2,2.6
4.29,3.35
1.08,2.21
3.68,1.82
2.62,2.19
3.94,3.03
4.85,3.56
1.82,3.43
8.17,4.09
-0.25,-0.04
4.47,3.21
0.47,1.45
4.24,3.17
2.85,2.77
3.31,2.81
4.13,3.19
2.28,3.72
2.3,2.59
3.99,3.1
2.92,3.75
4.41,4.02
3.71,3.12
3.27,3.93
2.57,1.62
2.52,2.64
1.4,0.83
1.32,2.01
2.11,2.43
0.94,0.08
2.78,3.4
4.63,3.97
-0.56,1.96
0,1.37
3.76,3.18
1.56,2.08
3.36,2.86
5.12,3.92
2,2.41
3.98,3.23
4.1,3.36
4.99,3.58
2.8,3.22
12.26,5.38
2.31,1.84
-1.3,-0.77
2.99,3.97
1.17,1.64
6.07,3.9
4.84,3.6
1.77,2.15
0.85,3.72
5.35,4.05
6.34,4.41
7.34,4.36
3.61,3.7
4.15,3.46
9.97,4.16
0.53,0.29
12.26,5.38
8.58,4.35
9.82,4.34
12.69,3.17
1.85,3.27
3.84,3.4
3,3.41
6.44,4.84
2.74,2.55
5.73,4.39
11.82,3.64
3.31,2.5
11.39,3.14
-0.38,-0.21
9.82,4.34
-1.44,-0.71
-2.9,-0.8
0.33,0.66
-0.62,-0.18
-1.61,-0.56
-0.77,-0.25
1.8,1.93
-0.78,-0.34
-0.57,-0.51
0.23,0.2
1.62,1.73
-1.27,-0.5
-0.02,0.94
0.37,0.52
0.62,0.54
3.59,2.33
-0.49,-0.13
-0.04,-0.34
3.2,2.01
1.57,1.52
-0.03,0.34
-0.41,0.66
1.44,1.36
0.12,0.14
1.14,1.81
-1.58,-0.95
0.63,0.94
0.64,0.71
0.75,1.23
0.69,0.75
0.34,0.74
1.6,1.76
2.21,2.62
1.81,1.98
1.29,0.54
-1.06,-0.63
1.09,1.23
-0.56,0.9
-0.45,0.35
1.54,1.86
1.44,1.59
0.95,0.62
-0.38,-0.21
-0.31,-0.22
-0.64,0.11
0.92,1.27
-1.58,-0.95
-0.61,-0.16
-1.2,-0.48
-0.11,-0.34
-2.56,-1.13
-2.7,-1.06
-0.96,-0.43
-0.53,-0.2
-0.93,0.23
1.45,1.04
-0.84,-0.25
-1.48,0.11
-2,-0.61
2.62,1.49
3.1,2.09
2.16,2.13
2.59,2
1.22,2.09
3.98,2.87
-1.83,1.98
2.43,1.72
2.73,1.89
0.13,1.8
3.08,2.6
4.8,3.68
-0.54,-0.03
-0.89,-0.54
-0.54,-0.03
0.53,0.29
-1.84,-0.78
-0.95,-0.51
0.82,0.36
0.27,-0.07
-2.34,-1.06
-0.55,0.06
-0.6,-0.51
1.71,1.16
6.67,4.61
7.13,4.35
13.15,3.45
6.53,3.65
7.88,3.82
3.46,4.24
0.69,1.49
3.3,3.38
1.7,2.33
1.89,1.5
-1.5,-0.34
-1.06,-0.1
-0.46,1.24
-1.43,-0.44
-0.38,-0.21
-1.15,-0.5
-0.96,3.27
3.7,2.56
-1.81,-0.82
-0.53,0.59
6.58,3.32
5.6,5.32
12.82,3.72
1.56,4.3
1.63,2.83
0.82,1.48
-1.28,-0.09
-0.44,0.24
0.84,2.57
-0.24,-0.34
1.72,2.02
2.47,3.5
3.5,3.77
2.91,3.48
0.62,0.5
8.25,4.82
0.6,0.77
-1.29,-0.38
1.11,0.88
-0.13,0.04
-1.32,-0.65
-0.33,-0.15
0.11,1.08
1.33,0.93
0.23,0.35
-1.35,-0.32
-1.05,-0.01
-0.51,0.97
-1.26,0.04
-1.69,-0.69
-1.45,-0.78
-0.94,0.13
-0.28,-0.05
0.05,0.49
-1.13,-0.59
0.96,0.81
0.19,-0.09
0.19,-0.1
1.41,1.34
0.78,1.87
4.38,3.16
10.1,3.53
1.23,1.2
-1.22,-0.42
9.65,5.35
4.98,4.06
0.8,0.82
2.56,2.63
4.6,4.01
0.24,-0.13
-20.34,4.21
2.02,1.92
5.37,4.18
-0.85,-0.31
4.52,4.14
-0.76,-0.09
1.91,0.66
2.15,2.65
-1.31,-0.42
-2.05,1.93
-0.95,-0.38
4.46,1.98
4.15,2.63
-1.68,0.06
0.33,0.21
3.65,3.28
1.35,0.7
15.43,4.16
13.15,3.91
-0.19,0.58
-1.61,-0.59
1.99,2.83
-0.99,-0.03
2.39,3.03
0.83,0.81
1.46,0.53
2,1.97
3.48,3.38
-0.56,0.41
0.69,0.72
1.96,1.3
5.95,2.27
-1.3,-0.19
-1.31,-0.51
-1.44,3.78
-0.16,3.74
8.23,4.62
6.38,4.26
1.99,2.51
1.52,2.34
1.65,2.89
-1.37,4.33
5.75,4.28
7.17,4.58
-23.45,4.32
3.18,3.69
1.79,2.94
5.03,3.7
5.3,3.77
0.88,2
0.99,2.56
-0.24,0.59
4.57,3.64
2.64,1.87
-0.3,1.07
-0.08,0.4
-0.47,0.34
1.32,2.01
-1.95,1.04
1.12,0.37
7.38,3.97
-9.99,4.26
2.79,3.43
4.37,4.06
0.7,3.94
6.57,4.2
3.73,3.51
6.97,3.88
5.23,4.69
3.8,4.3
4.52,3.61
9.34,4.62
-0.99,-0.03
9.09,4.6
6.4,4.25
7.02,4.38
6.18,3.44
2.98,3.33
0.26,0.94
3.24,3.23
5.02,3.13
2.83,2.82
-3.85,0.32
3.75,3.49
7.17,3.68
4.95,3.71
7.02,3.67
2.6,2.88
3.63,2.94
2.88,3.75
3.06,2.82
2.08,2.76
3.47,3.35
6.4,4.07
5,3.68
1.26,3.35
2.16,3.79
6.4,4.15
5.25,3.38
3.93,3.47
3.75,4.05
3.54,4.15
3.47,2.62
0.99,2.61
4.58,3.27
4.16,3.24
4.9,3.82
0.78,0.23
1.42,1.99
0.89,1.74
3.5,3.31
1.25,1.5
2.8,2.04
1.35,1.74
-0.73,-0.18
-5.08,2.39
0.12,0.65
0.69,0.36
2.74,2.55
0.32,0.64
1.37,1.59
0.49,0.41
2.04,1.62
3.23,2.1
1.98,3.34
1.37,2.84
2.87,2.01
1.2,2.04
-0.25,-0.32
1.57,1.86
2.32,4.27
3.68,2
-2.19,2.7
3.58,3.8
1.08,0.69
0.68,0.15
2.42,1.84
7.71,4.13
8.53,3.79
8.75,4.21
7.17,3.68
-0.58,-0.32
2.68,2.94
-1.27,-0.08
-0.98,0.64
-0.79,0.4
-8.41,2.11
2.96,2.59
3.46,3.61
-0.84,0.25
-0.5,0.69
0.74,-1.22
2.18,1.99
1.99,1.97
4.2,2.28
-0.29,0.16
3.37,3.88
0.31,1.17
4.74,2.36
4.47,3.14
3.06,3.46
2.76,3.2
6.03,4.94
3.21,3.25
-1.03,-0.32
-0.92,-0.65
-0.55,0.21
5.23,3.43
4.19,4.01
2.7,3.02
0.76,0.83
0.4,1.75
1.48,2.12
1.56,1.87
2.87,2.41
-0.08,0.07
2.04,2.4
1.69,3.2
2.09,3.72
3.31,3.25
4.41,3.28
3.84,3.06
-1.58,0.58
1.47,0.91
-2.45,0.2
2.42,2.37
0.88,2
2.36,1.67
5.37,4.22
1.73,1.86
6.08,3.72
-0.02,-0.03
2.57,2.59
1.99,2.04
5.03,3.66
7.58,3.5
-2.35,-0.68
0.52,1.57
2.97,3.55
-0.69,0.67
-4.54,-0.07
-0.69,-0.29
8.54,3.2
3.12,2.53
0.49,1.79
-0.41,-0.15
-2.23,-0.29
0.14,0.95
3.35,2.72
2.74,2.96
1.17,1.58
-0.53,0.36
0.48,1.66
2.35,3.56
0.92,1.33
3.86,3.4
1.33,1.61
2.3,2.05
0.87,1.63
0.27,1.26
-1.88,-0.64
0.79,0.71
3.16,3.58
2.68,3.29
-1.55,-0.37
2.06,0.55
1.51,1.95
1.22,2.68
2.99,2.31
0.23,1.79
-2.74,0.27
0.92,1.67
1.86,2.23
3.19,3.31
2.05,2.04
0.69,0.81
0.8,1.97
0.78,1.51
0.35,-0.07
1.1,1.61
1.82,1.58
1.86,1.66
-0.16,0.22
0.58,1.23
2.75,2.47
-0.69,-0.32
3.48,3.22
3.35,3.24
-1.09,2.16
-0.86,1.91
4.71,3.56
0.53,1.65
-1.5,0.15
0.68,0.88
0.28,2.81
-0.79,1.69
0.34,1.69
0.14,-0.3
0.61,2.45
6.86,3.21
0.56,1.99
7.76,2.97
0.98,0.91
-2.03,-0.61
-0.85,-0.41
0.41,0.24
-3.35,-1.63
-2.6,-0.77
-3.17,-0.57
-3.71,-1.47
0.43,1.34
0.33,1.34
2.68,2.15
-1.42,-0.03
-0.95,0.09
-6.82,-0.71
-3.56,-0.76
-2.53,-0.68
5,3.34
1.9,2.32
1.6,2.74
-0.37,0.42
-0.38,0.55
-0.16,0.22
-1.91,-0.27
-0.47,0.36
0.14,-0.3
3.34,3.68
3.16,3.33
0.61,1.18
2.16,2.01
3.19,2.77
0.53,1.21
0.73,1.35
0.22,0.04
2.06,2
3.42,4.17
0.09,-0.24
0.48,0.73
2.96,1.86
-0.39,-0.02
0.37,0.32
1.76,1.7
2.38,2.23
-0.18,-0.04
0.41,0.33
-0.68,0.33
1.92,1.48
1.41,1.54
0.94,0.53
-1.09,-0.44
1.68,1.44
0.58,0.82
1.07,1.5
0.35,0.8
1.81,2.34
3.48,3.13
-0.4,-0.2
-1.37,-0.62
1.04,0.52
7.65,4.71
1.25,1.4
-1.38,-0.29
-1.92,-0.75
-0.91,-0.07
-0.23,0.14
1.1,1.11
-1.31,-0.66
-2.35,-0.75
-3.29,0.76
1.13,1.43
-1.8,-0.18
-4.38,-1.63
0.39,0.88
1.09,0.61
-4.55,-0.5
-1.72,-0.42
3.13,2.93
0.96,0.86
-0.68,-0.26
-8.01,-0.53
-3.17,-0.57
0.89,0.19
-4.26,-1.26
-7.77,-0.85
-3.71,-1.47
-6.11,-1.14
4.12,3.35
2.23,2.47
0.31,0.19
0.98,0.41
-2.05,0.42
1.73,1.36
-3.11,-0.21
-3.04,-0.22
0.63,1.09
1.66,2.29
2.37,2.05
2.26,1.82
4.23,4.06
3.1,3.31
0.89,0.42
0.96,0.99
0.63,0.69
1.53,1.86
4.81,4.43
1.89,1.4
-0.58,-0.17
-0.41,0.01
0.46,0.31
-0.12,0.35
2.19,1.42
4,3.82
2.66,3.24
3.14,2.75
1.99,2.74
1.58,2.55
3.81,2.83
3.04,3.45
0.43,1.18
1.34,1.67
4.33,2.77
3.79,3.51
4.12,3.02
0.22,0.21
3.52,3.2
2.12,1.39
3.27,3.36
2.79,3.14
0.1,0.74
2.35,2.94
3.79,2.92
-3.06,0.71
2.88,4.09
5.48,4.51
1.13,1.43
0.58,0.23
-2.03,-0.61
2.03,2.49
1.62,0.96
2.09,1.87
1.55,1.4
2.84,2.56
0.93,0.66
2.95,3.61
3.44,2.9
1.23,1.43
2.7,2.68
0.53,-0.05
1.6,1.99
4.8,3
0.32,0.36
1.76,1.9
2.37,1.67
1.86,1.52
2.51,2.41
1.32,2.24
2.55,2.61
-0.65,0.18
4.69,2.74
2.46,1.53
3.53,2.87
0.85,0.84
0,1.44
0.84,1.81
2.68,2.19
-1.03,1.17
5.07,4.99
0.03,0.18
3.09,3.18
1.76,1.89
4.71,4.32
4.52,3.85
3.96,4.01
4.33,3.89
3.81,3.92
1.32,1.12
-0.57,1.58
1.35,2.44
1,1.06
4.14,4.45
0.12,-0.53
3.87,2.57
2.55,1.68
1.5,1.05
1.76,2.09
-2.22,1.33
3.59,3.95
3.3,4.08
4.01,4.08
3.78,3.97
6.21,5.38
6.2,5.39
5.17,4.6
6.57,5
0.55,2.07
0.72,2.38
-0.43,1.26
1.63,1.78
4.66,3.29
4.08,3.35
4.13,3.31
1.91,2.92
-0.49,0.22
-1.11,-0.15
-0.16,0.22
4.2,3.87
1.02,1.32
0.56,1.03
1.88,1.39
4.27,4.01
2.23,1.66
0.89,-0.59
2.62,0.97
0.53,-0.17
-0.61,-0.33
0.7,1.39
0.83,0.59
1.66,1.5
5.02,3.46
1.41,1.16
3.23,2.38
-1.25,0.04
1.45,1.43
2.55,1.89
1.37,1.26
2.66,2.96
0.15,0.21
1.14,0.94
2.22,3.14
1.4,2.39
-1.57,0.19
-2.21,-0.33
-1.35,0.06
-0.78,0.68
-1.86,-0.01
-2.84,0.39
-2.99,0.41
1.82,1.58
0.06,0.45
-1.67,1.43
-2.61,-0.49
0.24,1.45
3.42,3.68
1.46,2.3
2.12,2.8
3.67,3.03
1.63,2.47
-1,-0.06
-3.3,-0.03
-3.45,-0.19
1.25,1.64
0.46,0.95
0.36,0.94
1.72,1.96
3.44,3.68
0.8,1.77
4.35,3.45
2.42,2.97
1.85,2.74
5.02,4.67
4.29,4.98
4.83,4.06
3.25,2.93
4.38,4.66
3.69,3.64
0.22,0.29
0.68,0.6
2.23,2.17
2.88,1.97
0.8,1.22
1.73,1.19
1.98,1.68
3.02,2.11
2.86,3.15
0.18,1.45
2.18,2.24
0.16,-0.38
0.1,-0.29
0.75,1.83
-2.37,-0.03
-2.98,-0.66
-3.36,-0.71
0.31,-0.48
0.4,1.68
1.01,2.3
0.9,2.26
1.79,1.64
1.95,2.21
0.87,1.36
1.34,1.67
1,1.41
0.15,0.5
1.86,1.66
1.82,1.76
-0.88,-0.2
-0.63,0.06
-0.39,0.39
7.43,3.41
-1,0.38
0.2,2.06
0.31,1.58
4.47,3.67
3.6,3.83
0.4,0.54
0.34,-0.57
4.96,4.28
0.92,1.35
2.73,2.12
4.47,3.84
3.32,2.94
0.48,0.34
0.99,2.53
3.13,2.97
1.69,2.07
2.34,3.01
1.29,1.37
2.49,2.29
2.87,3.29
4.16,3.25
-0.4,-0.2
1.07,1.31
0.58,1.1
-0.3,-0.03
4.38,4.02
0.79,-0.64
0.51,0.56
0.64,-0.05
0.88,1.44
7.47,3.34
2.69,2.29
0.11,0.32
3.96,3.8
1.52,1.64
3.2,2.88
4.56,4.13
4.83,4.09
5.27,3.92
1.51,1.92
4.36,3.9
1.44,2.26
4.16,4.27
5.29,3.84
1.4,1.55
4.42,3.94
2.76,3.73
-0.93,1.38
-1.05,0.37
2.63,3.66
1.59,1.87
9.2,3.56
5.36,3.95
3.56,2.93
2.71,2.95
4.23,3.09
-0.15,0.29
0.02,0
2.22,3.36
3.91,3.72
6.82,2.9
3.94,4.24
0.9,0.1
5.02,3.3
0.89,0.42
3.67,4.22
1.82,2.99
1.39,2.61
5.51,3.67
2.06,2.35
0.36,1.53
0.98,1.72
1.59,2.42
4.13,4.58
1.5,1.53
2.77,3.75
0.28,0.54
-0.63,-0.44
3.61,4.43
2.32,1.84
1.02,0.53
1.49,1.53
-2.77,0.29
-1.17,0.35
-1.3,0.54
-3.09,-0.4
2.05,1.95
2.2,2.82
4.38,2.85
2.71,3.41
1.73,3.23
1.31,3.3
0.82,0.28
-0.78,3.46
0.42,0.83
0.19,1.26
1.63,1.96
0.15,0.9
-1.72,-0.43
-2.56,-0.65
-1.29,-0.25
4.55,3.26
2.99,3.09
2.44,2.2
5.22,3.12
3.91,3.94
4.65,4.19
2.38,3.05
1.29,1.41
2.55,3.67
1.32,2.13
1.8,2.9
3.15,3.17
0.4,0.3
1.51,1.8
0.28,2.81
4.34,4.31
3.85,3.52
3.1,2.7
3.55,3.46
1.71,2.62
3.22,2.68
2.42,2.99
0.28,1.53
2.84,2.82
0.85,1.66
4.06,3.34
2.72,2.16
3.71,3.33
2.31,2.52
-1.31,0.12
3.98,2.99
3.61,3.21
3.47,2.71
1.17,1.55
1.86,2.54
0.29,1.64
-0.86,0.47
-0.59,0.21
-0.01,0.18
-0.53,0.2
-0.94,0.1
-0.75,-0.1
5.71,4.61
6.49,4.63
-0.06,1.08
3.63,3.25
2.69,3.19
2.2,3.49
2.13,2.36
3.27,3.49
0.31,1.01
5.32,4.45
4.37,3.89
3.64,2.95
0.8,2.5
7.16,4.35
3.97,4.16
5.23,4.69
4.07,4.49
1.03,1.78
4.11,4.1
7.16,4.49
3.55,2.84
4.27,4.05
-1.14,1.16
0.47,0.24
3.78,2.82
-0.63,1.29
2.83,2.18
-0.61,1.6
-1.97,-0.36
-5.27,-0.73
-5.5,-0.78
-2.98,-0.3
-2.99,-0.26
-2.1,-0.24
-0.99,0.23
3.68,2.95
-4.43,1.58
-5.43,0.95
0.04,1.43
-1.98,-0.12
1.03,1.44
-1.57,-0.17
0.27,0.68
0.14,-0.3
0.68,0.6
-1.66,-0.29
-0.62,1.69
-4.41,0.47
-9.71,0.46
6.69,4.46
2,2.39
1.53,2.13
1.65,1.75
2.41,2.47
2.66,2.16
2.84,2.91
2.01,3.06
10.02,3.35
-0.94,1.09
-0.46,1.67
3.22,3.2
4.93,3.64
3.82,3.24
2.46,1.84
2.33,2.56
6.22,4.03
2.13,2.44
3.08,2.97
4.65,3.27
2.31,1.97
2.6,1.95
2.71,3.67
2.36,2.78
1.84,2.29
2.57,2.99
1.7,2.22
2.94,3.04
5.96,3.22
-1.05,1.67
2.83,3.19
3.1,2.47
3.75,3.39
-0.11,1.04
-0.34,2.48
1.45,2.52
-3.08,1.51
1.13,2.08
-3.39,0.06
2.97,2.85
0.02,1.71
1.02,3.16
-0.63,1.17
-1.62,0.17
-1.08,0.53
-0.56,0.76
-1.62,0.17
-0.55,1.53
0.79,1.78
1.95,2.79
2.07,2.54
3.75,3.15
-0.86,1.91
1.63,2.59
-0.09,2.66
3.48,2.92
1.44,2.33
5.11,3
5,3.59
2.01,1.4
0.88,0.95
1.15,1.78
-0.27,1.33
2.02,2.32
1.73,1.51
1.83,2.64
1.1,1.68
1.46,2.1
0.96,2.56
0.94,1.4
2.11,1.49
3.65,3.24
3.08,3.32
0.18,-0.03
0.35,1.41
3.05,2.22
2.19,2.48
-0.6,1.14
-0.05,1.46
1.32,1.46
2.07,1.37
-0.02,0.34
0.49,0.77
-2.79,0.53
-1.57,0.19
1.56,2.4
0.35,0.48
-1.29,0.04
-1.08,1.54
-1.91,0.11
0.07,0.47
0.41,1.64
0.16,0.56
1.28,1.43
3.92,3.16
2.29,1.8
2.04,2.65
-0.35,1.32
0.04,1.63
-0.15,1.18
-0.52,0.63
0.97,2.45
0.41,1.39
1.02,1.45
-0.1,1.07
0.94,1.27
1.29,1.41
1.7,2.03
-1.35,-0.11
3.37,3.6
2.71,2.92
1.71,1.57
1.26,1.44
-0.13,0.53
0.37,1.54
0.81,1.64
2.99,2.31
0.79,1.39
3.61,3.05
-1.46,1.58
3.36,2.98
5.3,2.9
6.53,2.99
8.21,3
8.99,2.98
4.91,4
6.18,2.9
3.03,2.9
5.82,3.43
7.94,4.21
4.47,3.67
3.2,2.62
2.99,3.19
3.51,3
1.77,1.61
3.97,2.93
3.17,3.25
5.88,4.07
2.55,2.22
2.21,1.84
4.57,3.16
3.8,3.21
4.76,3.6
7.55,2.56
-0.06,1.02
2.64,2.79
1.66,1.74
2.71,2.41
0.82,1.25
-0.26,0.55
5.08,3.09
1.22,2.46
0.35,2.47
3.27,3.62
0.97,1.32
0.7,1.11
-0.52,0.72
-1.32,0.3
1.81,1.39
-2.98,0.98
3.83,3.02
1.46,1.53
3.99,2.33
2.09,2.24
4.92,3.85
3.18,3.22
3.09,3.13
2.22,2
-1.09,1.82
6.31,2.92
3.91,3.56
3.13,2.65
3.92,2.37
2.2,2.21
8.34,3.37
3.11,3.48
4.83,3.6
1.7,1.57
5.35,3.49
-0.16,0.68
3.5,3.09
1.79,2.73
0.65,2.11
12.33,2.63
-6.35,1.85
3.69,2.82
2.1,2.82
5.9,3.62
3.96,3.19
3.78,3.79
1.45,2.08
1.32,1.51
-0.35,0.34
5.29,3.84
4.9,4.22
3,2.86
5.23,4.69
4.67,4.24
5.33,4.69
3.7,2.79
3.48,3.39
4.56,3.73
3.96,3.52
2.4,2.62
-7.36,0.17
-8.74,0.04
0.36,1.12
-1.05,0.07
1.27,0.87
-0.12,0.76
-2.42,0.63
3.19,2.82
-1.18,0.99
2.38,2.63
-1.71,0.43
0.42,0.05
0.25,0.44
1.76,2.03
3.49,3.48
4.99,3.92
4.17,2.9
4.48,4.22
2.89,3.18
3.18,3.9
3.76,3.67
2.17,1.95
0.3,1.77
2.2,2.29
1.68,1.7
2.1,2.58
2.09,1.81
2.99,3.7
-0.06,0.17
3.69,4.45
4.37,3.53
4.58,4.11
4.16,4.27
1.59,1.38
4.87,3.98
-0.08,0.35
-0.9,-0.17
0.93,1.46
0.67,1.61
0.57,1.3
5.47,3.49
3.23,2.76
0.6,1.39
0.9,1.14
5.06,4.09
0.93,1.74
-0.04,-0.18
-0.06,-0.13
-1.21,0.64
2.07,1.37
0.09,0.04
0.3,1.15
0.15,0.4
-0.88,1.14
-0.57,0.25
0.73,0.81
-0.05,-0.56
2.06,2.68
0.65,0.52
1.93,2.26
1.51,1.31
1.78,1.69
1.87,1.54
2.89,2.84
4.59,3.93
2.23,1.2
0.59,1.53
1.33,2.31
5.55,3.83
-1.33,-0.16
-0.21,1.74
-0.52,1.6
2.11,3.17
0.29,1.84
-3.93,1.23
1.47,2.35
1.07,2.34
0.38,1.99
1.21,2.56
1.21,2.56
0.96,2.61
-0.7,2.24
1.61,1.44
1.15,1.52
0.69,1.67
5.93,3.14
2.15,3.09
2.78,2.81
0.41,1.64
-4.03,1.82
-4.3,0.18
-3.58,0.14
2.87,3.18
-11.24,-0.03
0.49,2.73
-1.74,1.6
-2.72,1.55
-4.01,1.15
-2.28,2.02
1.17,2.39
1.27,3.13
2.3,3.31
0.35,1.44
2.47,2.96
2.31,3.42
2.42,2.8
-1.45,2.63
5.63,3.19
6.6,3.07
1.47,1.71
1.64,1.76
2.43,2.57
1.76,2.56
1.58,3.21
5.02,3.77
1.9,2.73
5.13,3.94
-0.71,-0.02
-0.53,0.2
-2.79,0.53
-2.21,0.22
1.83,1.56
2.61,2.64
1.62,0.96
1.42,2.65
1.78,2.26
-0.42,0.78
0.74,0.34
1.32,1.12
6.03,3.88
2.29,2.91
2.84,2.79
2.56,2.9
2.1,2.47
1.07,1.31
1.36,2.65
1.59,2.52
-0.27,0.34
-0.49,0.22
-1.34,0.41
1.56,2.4
0.27,1.11
4.27,3.65
-1.29,1.66
-0.89,0.96
2.62,3.13
1.77,2.9
2.45,2.23
1.55,2.32
1.97,3.3
2.26,3.99
1.26,1.89
2.28,2.4
1,1.55
4.83,4.99
2.33,3.21
0.86,1.67
2.16,2.07
2.34,2.42
3.29,3.53
3.54,3.46
1.76,1.38
1.98,2.66
4.93,4.53
1.22,1.67
0.42,1.55
1.32,2.13
3.12,4.2
4.34,3.95
1.87,1.64
1.51,2.06
0.11,0.64
0.26,1.28
-0.89,1
3.26,1.87
4.37,2.97
2.8,4.24
4.76,4.56
0.37,0.93
-4.16,1.21
6.94,3.85
3.75,3.76
2.45,2.99
-1.14,0.5
1,1.52
-0.16,0.22
1.14,1.24
-1,-0.23
-1.52,0.72
1.56,1.5
1.28,1.94
1.33,1.68
-1.38,-0.51
-0.7,-0.29
0.49,0.49
-0.93,-0.38
-1.62,-0.44
1.78,1.94
2.09,1.82
-0.01,1.44
1.22,1.67
1.02,1.25
-1.1,0.55
-0.16,0.68
-0.08,0.11
-0.25,0.26
0.41,0.3
1.47,1.71
0.35,1.08
0.19,0.04
0.6,1.16
-2.61,-0.49
-2.39,-0.74
-3.24,-0.24
0.19,0.18
-3.55,-0.47
0.42,0.1
-2.69,-0.25
-3.05,-0.5
0.35,0.26
-2.08,-0.58
-2.12,-0.52
-1.51,0.4
-1.36,-0.66
6.93,4.56
3.47,2.91
-0.65,1.43
-2.79,-0.85
1,2.61
0.7,1.17
0.83,2.01
-0.36,0.4
-0.18,0.35
0.85,1.29
2.36,2.43
0.41,-0.27
-1.85,-0.52
1.04,1.18
-0.64,-0.19
-0.36,-0.09
-0.29,-0.3
1.71,1.17
2.96,2.97
-0.9,-0.29
-8.77,2.08
2.08,2.1
0.95,1.66
-0.91,-0.06
3.63,3.19
2.86,3.71
1.28,1.38
4.07,2.89
1.25,2
-2.53,-0.68
0.96,2.61
-0.93,2.37
1.21,2.56
-2.34,-0.5
-4.82,-1.21
3.17,2.74
1.76,1.12
-1.1,0.55
-3.4,-0.52
-0.16,0.68
-0.93,-0.38
-0.03,0.36
2.83,3.4
-0.91,-0.14
-1.78,-0.28
-1.78,-0.28
3.22,2.89
2.02,2.33
2.99,3.36
3.32,2.7
1.84,1.53
2.28,2.07
2.57,2
3.41,2.9
2.34,2.4
2.84,2.62
1.58,2.29
2.09,1.57
1.91,1.6
-0.26,0.27
5.24,3.17
7.1,2.82
-0.85,-0.41
0.85,0.84
1.15,1.59
4.28,3.81
2.55,2.58
2.79,2.18
4.52,3.47
1.22,1.67
-0.84,0.3
1.65,1.5
1.18,1.04
1.87,1.21
5.62,3.25
1.03,1.72
2.42,2.8
9.55,3.48
0.83,0.5
0.67,1.33
1.56,2.26
-0.36,0.39
1.88,2.68
2.22,3.19
5.32,4.45
-5.22,0.62
-9.4,-0.11
-1.2,0.41
0.36,2.7
2.29,2.16
1.48,1.61
1.34,2.06
5.05,3.76
1.4,2.39
4.38,4.66
1.67,2.52
6.02,4.47
6.25,4.21
3.12,3.35
4.14,4.45
-0.91,1.2
0.12,1.39
-2.22,-0.52
-0.69,0.72
-1.4,0.92
0.12,0.33
1.43,1.5
2.71,2.85
3.57,2.89
3.98,3.23
-0.55,-0.14
-2.25,1.14
-1.41,0.46
-0.99,0.6
-0.16,0.36
2.07,2.11
0.43,1.28
-0.43,0.6
-0.95,1.63
-2.31,-0.24
-1.7,-0.14
-1.09,0.15
-0.48,0.37
0.14,0.6
0.75,1.49
2.59,3.29
3.43,3.2
-1.64,0.59
1.94,1.72
3.97,4.16
2.52,1.67
-6.33,0.11
0.94,1.1
-3.16,-0.6
-1.69,0.22
-1.83,0.07
5.86,3.41
0.2,1.75
2.96,2.8
0.92,2.63
1.09,2.49
2.17,2.7
0.47,0.78
-1.15,0.26
0.49,1.13
-1.34,2.42
0.77,-0.15
-1.29,0.71
1.3,2.86
6.1,3.48
-1.5,0.05
1,1.63
1.03,1.91
-1.05,0.23
1.97,2.59
-0.55,0.76
0.23,0.55
1.04,2.16
1.09,1.58
-2.84,0.39
-2.99,0.41
-0.93,1.38
1.12,2.2
-0.63,0.28
-0.66,-0.14
-0.39,0.39
1.98,1.83
2.83,2.87
-1.26,0.13
0.88,1.25
0.09,0.47
-1.1,0.19
-0.17,0.69
0.34,1.23
0.63,0.21
0.8,0.33
-1,-0.23
-1.98,-0.41
-5.62,-1.22
-0.26,0.19
1.46,1.47
1.24,1.46
0.12,-0.53
1.39,1.24
-0.18,-0.05
0.41,-0.62
1.5,1.25
1.39,1.23
0.65,0.67
0.61,1.49
5.1,3.2
3.06,2.3
0.53,1
-0.91,-0.14
0.03,-0.64
-0.01,-0.52
0.75,-0.23
0.14,-0.52
1.7,1.85
1.76,2.11
-3.76,1.44
-4.16,1.21
-0.66,-0.09
0.2,0.02
0.83,1.18
1.44,0.52
0.64,0.28
0.56,1.53
0.4,1.16
-0.96,0.49
-0.37,1.18
-0.57,0.19
0.55,0.26
4.6,3.38
3.15,2.31
1.93,2.76
1.74,1.6
2.22,3.66
2.5,4.07
2.42,3.88
2.65,3.83
2.15,3.05
0.44,1.46
2.26,1.82
1.96,1.41
2.34,2.42
0.57,0.31
-0.61,0.39
0.19,0.06
0.63,0.21
2.26,1.82
3.4,3.59
-0.84,0.03
3.73,2.96
1.65,2.06
0.85,0.68
1.06,1.49
-2.64,-0.28
2.46,2.41
-11.34,-0.64
3.83,3.33
-0.22,1.44
4.14,2.7
2.15,2.18
3.53,2.42
1.81,1.73
1.32,0.97
1.05,2.63
-0.39,0.99
-1.19,0.24
-2.08,1.98
0.06,1.9
0.3,1.77
-1.66,1.11
1.51,2.93
0.83,3.03
3.18,1.95
5.24,3.17
4.69,2.74
-2.83,-0.47
4.05,2.93
-2.12,0.15
-2.22,-0.52
-0.15,0.25
-4,0.55
1.68,1.7
-3.02,-0.05
-4.06,-0.05
3.7,2.75
-1.14,1.28
0.09,1.58
4.57,2.74
1.24,2.04
0.04,1.58
1.17,2.39
1.89,0.68
-7.82,1.22
3.49,3.17
1,2.75
-1.5,1.24
0.95,2.4
-4.46,1.7
-4.53,1.44
-3.76,1.44
0.29,2.77
-7.41,1.85
1.75,2.11
4.71,3.56
3.71,4.56
-6.15,0.24
3.19,3.31
-4.5,0.07
7.92,3.79
3.89,4.68
6.66,5.07
5.84,3.73
0.8,1.48
-1.68,0.13
-0.23,0.65
1.15,1.78
-0.15,-0.33
0.5,0.68
1.16,1.31
0.78,0.43
0.74,0.42
1.98,1.96
1.88,1.38
2.34,3.01
2.39,2.23
3.35,3.5
-2.05,-0.74
1.22,1.42
1.92,2.89
2.31,3.04
-0.18,0.54
0.93,1.49
-1.58,-0.83
0.31,1.01
3.96,4.01
-9.33,-0.51
2.78,4.37
-2.49,-0.41
0.22,1.73
2.12,2.45
0.27,0.86
2.32,2.54
0.57,1.21
-1.71,-0.39
-0.78,0.93
-0.05,2.54
-1.75,-0.47
2.71,4.05
-1.69,-1.75
6.76,4.26
6.48,4.26
-2.28,-0.42
-1.41,-0.55
6.38,4.27
0.15,0.34
-0.69,-0.14
3.53,4.04
-1,-0.06
-0.73,-0.05
-0.29,0.47
-0.02,-0.41
5.68,4.27
-0.33,0.25
0.2,0.06
0.66,-0.88
-1.59,-0.8
0.34,0.82
1.84,1.44
2.88,2.1
3.55,2.55
4.73,4.85
3.7,2.66
0.19,0.06
-1.76,0.04
1.65,1.36
0.69,-0.85
2.55,1.62
3.31,3.92
4.37,3.14
2.38,2.73
-0.21,-0.44
3.78,3.33
0.83,0.85
1.43,1.33
2.73,4.16
-0.4,-0.2
-0.29,0.3
-0.09,0.74
3.43,3.17
0.13,-0.2
-1.2,0.11
0.27,1.06
0.56,-0.87
0.44,1.46
1.5,1.09
1.5,1.09
2.67,2.22
-0.37,-0.29
3.29,3.99
0.31,1.32
0.72,1.4
1.11,2.48
1.94,2.94
0,-0.12
2.99,2.39
2.89,2.27
1.17,0.77
0.12,0.22
3.81,3.92
5.05,3.59
2.07,1.85
5.32,5.06
5.09,4.03
8.06,4.5
4.4,3.41
3.28,3.38
0.91,1.38
0.96,1.37
0.48,0.34
2.64,2.52
0.98,1.47
1.74,2.24
-0.78,0.49
5.03,5.1
3.76,4.24
1.91,1.3
1.95,1.52
1.11,1.58
-0.01,0.18
1.82,2.03
-1.56,0.41
-2.33,-0.11
-3.49,-0.19
-3.49,-0.19
-2.85,-0.17